{
	"BUILD_DIR" : "D:/Audio_EQ/build-Audio_pj/Audio_pj_autogen",
	"CMAKE_BINARY_DIR" : "D:/Audio_EQ/build-Audio_pj",
	"CMAKE_CURRENT_BINARY_DIR" : "D:/Audio_EQ/build-Audio_pj",
	"CMAKE_CURRENT_SOURCE_DIR" : "D:/Audio_EQ/Audio_pj",
	"CMAKE_EXECUTABLE" : "C:/Program Files/CMake/bin/cmake.exe",
	"CMAKE_LIST_FILES" : 
	[
		"D:/Audio_EQ/Audio_pj/CMakeLists.txt",
		"D:/Audio_EQ/build-Audio_pj/CMakeFiles/3.25.2/CMakeSystem.cmake",
		"C:/Program Files/CMake/share/cmake-3.25/Modules/CMakeSystemSpecificInitialize.cmake",
		"D:/Audio_EQ/build-Audio_pj/CMakeFiles/3.25.2/CMakeCXXCompiler.cmake",
		"C:/Program Files/CMake/share/cmake-3.25/Modules/CMakeSystemSpecificInformation.cmake",
		"C:/Program Files/CMake/share/cmake-3.25/Modules/CMakeGenericSystem.cmake",
		"C:/Program Files/CMake/share/cmake-3.25/Modules/CMakeInitializeConfigs.cmake",
		"C:/Program Files/CMake/share/cmake-3.25/Modules/Platform/Windows.cmake",
		"C:/Program Files/CMake/share/cmake-3.25/Modules/Platform/WindowsPaths.cmake",
		"C:/Program Files/CMake/share/cmake-3.25/Modules/CMakeCXXInformation.cmake",
		"C:/Program Files/CMake/share/cmake-3.25/Modules/CMakeLanguageInformation.cmake",
		"C:/Program Files/CMake/share/cmake-3.25/Modules/Compiler/GNU-CXX.cmake",
		"C:/Program Files/CMake/share/cmake-3.25/Modules/Compiler/GNU.cmake",
		"C:/Program Files/CMake/share/cmake-3.25/Modules/Compiler/CMakeCommonCompilerMacros.cmake",
		"C:/Program Files/CMake/share/cmake-3.25/Modules/Platform/Windows-GNU-CXX.cmake",
		"C:/Program Files/CMake/share/cmake-3.25/Modules/Platform/Windows-GNU.cmake",
		"D:/Audio_EQ/build-Audio_pj/CMakeFiles/3.25.2/CMakeRCCompiler.cmake",
		"C:/Program Files/CMake/share/cmake-3.25/Modules/CMakeRCInformation.cmake",
		"C:/Program Files/CMake/share/cmake-3.25/Modules/Platform/Windows-windres.cmake",
		"C:/Program Files/CMake/share/cmake-3.25/Modules/Platform/Windows-GNU-CXX-ABI.cmake",
		"C:/Program Files/CMake/share/cmake-3.25/Modules/CMakeCommonLanguageInclude.cmake",
		"D:/msys64/ucrt64/lib/cmake/Qt6/Qt6ConfigVersion.cmake",
		"D:/msys64/ucrt64/lib/cmake/Qt6/Qt6ConfigVersionImpl.cmake",
		"D:/msys64/ucrt64/lib/cmake/Qt6/Qt6Config.cmake",
		"D:/msys64/ucrt64/lib/cmake/Qt6/Qt6ConfigExtras.cmake",
		"D:/msys64/ucrt64/lib/cmake/Qt6/QtPublicCMakeVersionHelpers.cmake",
		"D:/msys64/ucrt64/lib/cmake/Qt6/Qt6Targets.cmake",
		"D:/msys64/ucrt64/lib/cmake/Qt6/Qt6VersionlessTargets.cmake",
		"D:/msys64/ucrt64/lib/cmake/Qt6/QtFeature.cmake",
		"D:/msys64/ucrt64/lib/cmake/Qt6/QtFeatureCommon.cmake",
		"C:/Program Files/CMake/share/cmake-3.25/Modules/CheckCXXCompilerFlag.cmake",
		"C:/Program Files/CMake/share/cmake-3.25/Modules/CheckCXXSourceCompiles.cmake",
		"C:/Program Files/CMake/share/cmake-3.25/Modules/Internal/CheckSourceCompiles.cmake",
		"C:/Program Files/CMake/share/cmake-3.25/Modules/Internal/CheckCompilerFlag.cmake",
		"C:/Program Files/CMake/share/cmake-3.25/Modules/Internal/CheckFlagCommonConfig.cmake",
		"C:/Program Files/CMake/share/cmake-3.25/Modules/Internal/CheckSourceCompiles.cmake",
		"C:/Program Files/CMake/share/cmake-3.25/Modules/CMakeCheckCompilerFlagCommonPatterns.cmake",
		"D:/msys64/ucrt64/lib/cmake/Qt6/QtPublicAppleHelpers.cmake",
		"D:/msys64/ucrt64/lib/cmake/Qt6/QtPublicFinalizerHelpers.cmake",
		"D:/msys64/ucrt64/lib/cmake/Qt6/QtPublicPluginHelpers.cmake",
		"D:/msys64/ucrt64/lib/cmake/Qt6/QtPublicTargetHelpers.cmake",
		"D:/msys64/ucrt64/lib/cmake/Qt6/QtPublicWalkLibsHelpers.cmake",
		"D:/msys64/ucrt64/lib/cmake/Qt6/QtPublicFindPackageHelpers.cmake",
		"D:/msys64/ucrt64/lib/cmake/Qt6/QtPublicDependencyHelpers.cmake",
		"D:/msys64/ucrt64/lib/cmake/Qt6/QtPublicTestHelpers.cmake",
		"D:/msys64/ucrt64/lib/cmake/Qt6/QtPublicToolHelpers.cmake",
		"D:/msys64/ucrt64/lib/cmake/Qt6/QtPublicCMakeHelpers.cmake",
		"C:/Program Files/CMake/share/cmake-3.25/Modules/CMakeFindDependencyMacro.cmake",
		"D:/msys64/ucrt64/lib/cmake/Qt6/Qt6Dependencies.cmake",
		"C:/Program Files/CMake/share/cmake-3.25/Modules/FindThreads.cmake",
		"C:/Program Files/CMake/share/cmake-3.25/Modules/CheckLibraryExists.cmake",
		"C:/Program Files/CMake/share/cmake-3.25/Modules/CheckIncludeFileCXX.cmake",
		"C:/Program Files/CMake/share/cmake-3.25/Modules/CheckCXXSourceCompiles.cmake",
		"C:/Program Files/CMake/share/cmake-3.25/Modules/FindPackageHandleStandardArgs.cmake",
		"C:/Program Files/CMake/share/cmake-3.25/Modules/FindPackageMessage.cmake",
		"D:/msys64/ucrt64/lib/cmake/Qt6/Qt6ConfigVersion.cmake",
		"D:/msys64/ucrt64/lib/cmake/Qt6/Qt6ConfigVersionImpl.cmake",
		"D:/msys64/ucrt64/lib/cmake/Qt6/Qt6Config.cmake",
		"D:/msys64/ucrt64/lib/cmake/Qt6/Qt6ConfigExtras.cmake",
		"D:/msys64/ucrt64/lib/cmake/Qt6/QtPublicCMakeVersionHelpers.cmake",
		"D:/msys64/ucrt64/lib/cmake/Qt6/Qt6Targets.cmake",
		"D:/msys64/ucrt64/lib/cmake/Qt6/Qt6VersionlessTargets.cmake",
		"D:/msys64/ucrt64/lib/cmake/Qt6/QtFeature.cmake",
		"D:/msys64/ucrt64/lib/cmake/Qt6/QtFeatureCommon.cmake",
		"C:/Program Files/CMake/share/cmake-3.25/Modules/CheckCXXCompilerFlag.cmake",
		"D:/msys64/ucrt64/lib/cmake/Qt6/QtPublicAppleHelpers.cmake",
		"D:/msys64/ucrt64/lib/cmake/Qt6/QtPublicFinalizerHelpers.cmake",
		"D:/msys64/ucrt64/lib/cmake/Qt6/QtPublicPluginHelpers.cmake",
		"D:/msys64/ucrt64/lib/cmake/Qt6/QtPublicTargetHelpers.cmake",
		"D:/msys64/ucrt64/lib/cmake/Qt6/QtPublicWalkLibsHelpers.cmake",
		"D:/msys64/ucrt64/lib/cmake/Qt6/QtPublicFindPackageHelpers.cmake",
		"D:/msys64/ucrt64/lib/cmake/Qt6/QtPublicDependencyHelpers.cmake",
		"D:/msys64/ucrt64/lib/cmake/Qt6/QtPublicTestHelpers.cmake",
		"D:/msys64/ucrt64/lib/cmake/Qt6/QtPublicToolHelpers.cmake",
		"D:/msys64/ucrt64/lib/cmake/Qt6/QtPublicCMakeHelpers.cmake",
		"C:/Program Files/CMake/share/cmake-3.25/Modules/CMakeFindDependencyMacro.cmake",
		"D:/msys64/ucrt64/lib/cmake/Qt6/Qt6Dependencies.cmake",
		"C:/Program Files/CMake/share/cmake-3.25/Modules/FindThreads.cmake",
		"C:/Program Files/CMake/share/cmake-3.25/Modules/CheckLibraryExists.cmake",
		"C:/Program Files/CMake/share/cmake-3.25/Modules/CheckIncludeFileCXX.cmake",
		"C:/Program Files/CMake/share/cmake-3.25/Modules/CheckCXXSourceCompiles.cmake",
		"C:/Program Files/CMake/share/cmake-3.25/Modules/FindPackageHandleStandardArgs.cmake",
		"C:/Program Files/CMake/share/cmake-3.25/Modules/FindPackageMessage.cmake",
		"D:/msys64/ucrt64/lib/cmake/Qt6Widgets/Qt6WidgetsConfigVersion.cmake",
		"D:/msys64/ucrt64/lib/cmake/Qt6Widgets/Qt6WidgetsConfigVersionImpl.cmake",
		"D:/msys64/ucrt64/lib/cmake/Qt6Widgets/Qt6WidgetsConfig.cmake",
		"C:/Program Files/CMake/share/cmake-3.25/Modules/CMakeFindDependencyMacro.cmake",
		"D:/msys64/ucrt64/lib/cmake/Qt6Widgets/Qt6WidgetsDependencies.cmake",
		"D:/msys64/ucrt64/lib/cmake/Qt6WidgetsTools/Qt6WidgetsToolsConfigVersion.cmake",
		"D:/msys64/ucrt64/lib/cmake/Qt6WidgetsTools/Qt6WidgetsToolsConfigVersionImpl.cmake",
		"D:/msys64/ucrt64/lib/cmake/Qt6WidgetsTools/Qt6WidgetsToolsConfig.cmake",
		"C:/Program Files/CMake/share/cmake-3.25/Modules/CMakeFindDependencyMacro.cmake",
		"D:/msys64/ucrt64/lib/cmake/Qt6WidgetsTools/Qt6WidgetsToolsDependencies.cmake",
		"D:/msys64/ucrt64/lib/cmake/Qt6CoreTools/Qt6CoreToolsConfigVersion.cmake",
		"D:/msys64/ucrt64/lib/cmake/Qt6CoreTools/Qt6CoreToolsConfigVersionImpl.cmake",
		"D:/msys64/ucrt64/lib/cmake/Qt6CoreTools/Qt6CoreToolsConfig.cmake",
		"C:/Program Files/CMake/share/cmake-3.25/Modules/CMakeFindDependencyMacro.cmake",
		"D:/msys64/ucrt64/lib/cmake/Qt6CoreTools/Qt6CoreToolsDependencies.cmake",
		"D:/msys64/ucrt64/lib/cmake/Qt6CoreTools/Qt6CoreToolsTargets.cmake",
		"D:/msys64/ucrt64/lib/cmake/Qt6CoreTools/Qt6CoreToolsTargets-relwithdebinfo.cmake",
		"D:/msys64/ucrt64/lib/cmake/Qt6CoreTools/Qt6CoreToolsAdditionalTargetInfo.cmake",
		"D:/msys64/ucrt64/lib/cmake/Qt6CoreTools/Qt6CoreToolsVersionlessTargets.cmake",
		"D:/msys64/ucrt64/lib/cmake/Qt6GuiTools/Qt6GuiToolsConfigVersion.cmake",
		"D:/msys64/ucrt64/lib/cmake/Qt6GuiTools/Qt6GuiToolsConfigVersionImpl.cmake",
		"D:/msys64/ucrt64/lib/cmake/Qt6GuiTools/Qt6GuiToolsConfig.cmake",
		"C:/Program Files/CMake/share/cmake-3.25/Modules/CMakeFindDependencyMacro.cmake",
		"D:/msys64/ucrt64/lib/cmake/Qt6GuiTools/Qt6GuiToolsDependencies.cmake",
		"D:/msys64/ucrt64/lib/cmake/Qt6GuiTools/Qt6GuiToolsTargets.cmake",
		"D:/msys64/ucrt64/lib/cmake/Qt6GuiTools/Qt6GuiToolsTargets-relwithdebinfo.cmake",
		"D:/msys64/ucrt64/lib/cmake/Qt6GuiTools/Qt6GuiToolsAdditionalTargetInfo.cmake",
		"D:/msys64/ucrt64/lib/cmake/Qt6GuiTools/Qt6GuiToolsVersionlessTargets.cmake",
		"D:/msys64/ucrt64/lib/cmake/Qt6WidgetsTools/Qt6WidgetsToolsTargets.cmake",
		"D:/msys64/ucrt64/lib/cmake/Qt6WidgetsTools/Qt6WidgetsToolsTargets-relwithdebinfo.cmake",
		"D:/msys64/ucrt64/lib/cmake/Qt6WidgetsTools/Qt6WidgetsToolsAdditionalTargetInfo.cmake",
		"D:/msys64/ucrt64/lib/cmake/Qt6WidgetsTools/Qt6WidgetsToolsVersionlessTargets.cmake",
		"D:/msys64/ucrt64/lib/cmake/Qt6Core/Qt6CoreConfigVersion.cmake",
		"D:/msys64/ucrt64/lib/cmake/Qt6Core/Qt6CoreConfigVersionImpl.cmake",
		"D:/msys64/ucrt64/lib/cmake/Qt6Core/Qt6CoreConfig.cmake",
		"C:/Program Files/CMake/share/cmake-3.25/Modules/CMakeFindDependencyMacro.cmake",
		"D:/msys64/ucrt64/lib/cmake/Qt6Core/Qt6CoreDependencies.cmake",
		"D:/msys64/ucrt64/lib/cmake/Qt6/FindWrapAtomic.cmake",
		"C:/Program Files/CMake/share/cmake-3.25/Modules/CheckCXXSourceCompiles.cmake",
		"C:/Program Files/CMake/share/cmake-3.25/Modules/FindPackageHandleStandardArgs.cmake",
		"C:/Program Files/CMake/share/cmake-3.25/Modules/FindPackageMessage.cmake",
		"D:/msys64/ucrt64/lib/cmake/Qt6CoreTools/Qt6CoreToolsConfigVersion.cmake",
		"D:/msys64/ucrt64/lib/cmake/Qt6CoreTools/Qt6CoreToolsConfigVersionImpl.cmake",
		"D:/msys64/ucrt64/lib/cmake/Qt6CoreTools/Qt6CoreToolsConfig.cmake",
		"C:/Program Files/CMake/share/cmake-3.25/Modules/CMakeFindDependencyMacro.cmake",
		"D:/msys64/ucrt64/lib/cmake/Qt6CoreTools/Qt6CoreToolsDependencies.cmake",
		"D:/msys64/ucrt64/lib/cmake/Qt6CoreTools/Qt6CoreToolsTargets.cmake",
		"D:/msys64/ucrt64/lib/cmake/Qt6CoreTools/Qt6CoreToolsAdditionalTargetInfo.cmake",
		"D:/msys64/ucrt64/lib/cmake/Qt6CoreTools/Qt6CoreToolsVersionlessTargets.cmake",
		"D:/msys64/ucrt64/lib/cmake/Qt6EntryPointPrivate/Qt6EntryPointPrivateConfigVersion.cmake",
		"D:/msys64/ucrt64/lib/cmake/Qt6EntryPointPrivate/Qt6EntryPointPrivateConfigVersionImpl.cmake",
		"D:/msys64/ucrt64/lib/cmake/Qt6EntryPointPrivate/Qt6EntryPointPrivateConfig.cmake",
		"C:/Program Files/CMake/share/cmake-3.25/Modules/CMakeFindDependencyMacro.cmake",
		"D:/msys64/ucrt64/lib/cmake/Qt6EntryPointPrivate/Qt6EntryPointPrivateTargets.cmake",
		"D:/msys64/ucrt64/lib/cmake/Qt6EntryPointPrivate/Qt6EntryPointPrivateTargets-relwithdebinfo.cmake",
		"D:/msys64/ucrt64/lib/cmake/Qt6EntryPointPrivate/Qt6EntryPointPrivateAdditionalTargetInfo.cmake",
		"D:/msys64/ucrt64/lib/cmake/Qt6EntryPointPrivate/Qt6EntryPointPrivateVersionlessTargets.cmake",
		"D:/msys64/ucrt64/lib/cmake/Qt6EntryPointPrivate/Qt6EntryPointMinGW32Target.cmake",
		"D:/msys64/ucrt64/lib/cmake/Qt6Core/Qt6CoreTargets.cmake",
		"D:/msys64/ucrt64/lib/cmake/Qt6Core/Qt6CoreTargets-relwithdebinfo.cmake",
		"D:/msys64/ucrt64/lib/cmake/Qt6Core/Qt6CoreAdditionalTargetInfo.cmake",
		"D:/msys64/ucrt64/lib/cmake/Qt6Core/Qt6CoreVersionlessTargets.cmake",
		"D:/msys64/ucrt64/lib/cmake/Qt6Core/Qt6CoreMacros.cmake",
		"D:/msys64/ucrt64/lib/cmake/Qt6Core/Qt6CoreConfigExtras.cmake",
		"C:/Program Files/CMake/share/cmake-3.25/Modules/GNUInstallDirs.cmake",
		"D:/msys64/ucrt64/lib/cmake/Qt6Gui/Qt6GuiConfigVersion.cmake",
		"D:/msys64/ucrt64/lib/cmake/Qt6Gui/Qt6GuiConfigVersionImpl.cmake",
		"D:/msys64/ucrt64/lib/cmake/Qt6Gui/Qt6GuiConfig.cmake",
		"C:/Program Files/CMake/share/cmake-3.25/Modules/CMakeFindDependencyMacro.cmake",
		"D:/msys64/ucrt64/lib/cmake/Qt6Gui/Qt6GuiDependencies.cmake",
		"D:/msys64/ucrt64/lib/cmake/Qt6/FindWrapVulkanHeaders.cmake",
		"C:/Program Files/CMake/share/cmake-3.25/Modules/FindVulkan.cmake",
		"C:/Program Files/CMake/share/cmake-3.25/Modules/FindPackageHandleStandardArgs.cmake",
		"C:/Program Files/CMake/share/cmake-3.25/Modules/FindPackageMessage.cmake",
		"C:/Program Files/CMake/share/cmake-3.25/Modules/FindPackageHandleStandardArgs.cmake",
		"C:/Program Files/CMake/share/cmake-3.25/Modules/FindPackageMessage.cmake",
		"D:/msys64/ucrt64/lib/cmake/Qt6GuiTools/Qt6GuiToolsConfigVersion.cmake",
		"D:/msys64/ucrt64/lib/cmake/Qt6GuiTools/Qt6GuiToolsConfigVersionImpl.cmake",
		"D:/msys64/ucrt64/lib/cmake/Qt6GuiTools/Qt6GuiToolsConfig.cmake",
		"C:/Program Files/CMake/share/cmake-3.25/Modules/CMakeFindDependencyMacro.cmake",
		"D:/msys64/ucrt64/lib/cmake/Qt6GuiTools/Qt6GuiToolsDependencies.cmake",
		"D:/msys64/ucrt64/lib/cmake/Qt6GuiTools/Qt6GuiToolsTargets.cmake",
		"D:/msys64/ucrt64/lib/cmake/Qt6GuiTools/Qt6GuiToolsAdditionalTargetInfo.cmake",
		"D:/msys64/ucrt64/lib/cmake/Qt6GuiTools/Qt6GuiToolsVersionlessTargets.cmake",
		"D:/msys64/ucrt64/lib/cmake/Qt6Gui/Qt6GuiTargets.cmake",
		"D:/msys64/ucrt64/lib/cmake/Qt6Gui/Qt6GuiTargets-relwithdebinfo.cmake",
		"D:/msys64/ucrt64/lib/cmake/Qt6Gui/Qt6GuiAdditionalTargetInfo.cmake",
		"D:/msys64/ucrt64/lib/cmake/Qt6Gui/Qt6GuiVersionlessTargets.cmake",
		"D:/msys64/ucrt64/lib/cmake/Qt6Gui/Qt6GuiPlugins.cmake",
		"D:/msys64/ucrt64/lib/cmake/Qt6Gui/Qt6QGifPluginConfig.cmake",
		"C:/Program Files/CMake/share/cmake-3.25/Modules/CMakeFindDependencyMacro.cmake",
		"D:/msys64/ucrt64/lib/cmake/Qt6Gui/Qt6QGifPluginTargets.cmake",
		"D:/msys64/ucrt64/lib/cmake/Qt6Gui/Qt6QGifPluginTargets-relwithdebinfo.cmake",
		"D:/msys64/ucrt64/lib/cmake/Qt6Gui/Qt6QGifPluginAdditionalTargetInfo.cmake",
		"D:/msys64/ucrt64/lib/cmake/Qt6Gui/Qt6QICOPluginConfig.cmake",
		"C:/Program Files/CMake/share/cmake-3.25/Modules/CMakeFindDependencyMacro.cmake",
		"D:/msys64/ucrt64/lib/cmake/Qt6Gui/Qt6QICOPluginTargets.cmake",
		"D:/msys64/ucrt64/lib/cmake/Qt6Gui/Qt6QICOPluginTargets-relwithdebinfo.cmake",
		"D:/msys64/ucrt64/lib/cmake/Qt6Gui/Qt6QICOPluginAdditionalTargetInfo.cmake",
		"D:/msys64/ucrt64/lib/cmake/Qt6Gui/Qt6QJpegPluginConfig.cmake",
		"C:/Program Files/CMake/share/cmake-3.25/Modules/CMakeFindDependencyMacro.cmake",
		"D:/msys64/ucrt64/lib/cmake/Qt6Gui/Qt6QJpegPluginTargets.cmake",
		"D:/msys64/ucrt64/lib/cmake/Qt6Gui/Qt6QJpegPluginTargets-relwithdebinfo.cmake",
		"D:/msys64/ucrt64/lib/cmake/Qt6Gui/Qt6QJpegPluginAdditionalTargetInfo.cmake",
		"D:/msys64/ucrt64/lib/cmake/Qt6Gui/Qt6QMinimalIntegrationPluginConfig.cmake",
		"C:/Program Files/CMake/share/cmake-3.25/Modules/CMakeFindDependencyMacro.cmake",
		"D:/msys64/ucrt64/lib/cmake/Qt6Gui/Qt6QMinimalIntegrationPluginTargets.cmake",
		"D:/msys64/ucrt64/lib/cmake/Qt6Gui/Qt6QMinimalIntegrationPluginTargets-relwithdebinfo.cmake",
		"D:/msys64/ucrt64/lib/cmake/Qt6Gui/Qt6QMinimalIntegrationPluginAdditionalTargetInfo.cmake",
		"D:/msys64/ucrt64/lib/cmake/Qt6Gui/Qt6QOffscreenIntegrationPluginConfig.cmake",
		"C:/Program Files/CMake/share/cmake-3.25/Modules/CMakeFindDependencyMacro.cmake",
		"D:/msys64/ucrt64/lib/cmake/Qt6Gui/Qt6QOffscreenIntegrationPluginTargets.cmake",
		"D:/msys64/ucrt64/lib/cmake/Qt6Gui/Qt6QOffscreenIntegrationPluginTargets-relwithdebinfo.cmake",
		"D:/msys64/ucrt64/lib/cmake/Qt6Gui/Qt6QOffscreenIntegrationPluginAdditionalTargetInfo.cmake",
		"D:/msys64/ucrt64/lib/cmake/Qt6Gui/Qt6QSvgIconPluginConfig.cmake",
		"C:/Program Files/CMake/share/cmake-3.25/Modules/CMakeFindDependencyMacro.cmake",
		"D:/msys64/ucrt64/lib/cmake/Qt6Gui/Qt6QSvgIconPluginTargets.cmake",
		"D:/msys64/ucrt64/lib/cmake/Qt6Gui/Qt6QSvgIconPluginTargets-relwithdebinfo.cmake",
		"D:/msys64/ucrt64/lib/cmake/Qt6Gui/Qt6QSvgIconPluginAdditionalTargetInfo.cmake",
		"D:/msys64/ucrt64/lib/cmake/Qt6Gui/Qt6QSvgPluginConfig.cmake",
		"C:/Program Files/CMake/share/cmake-3.25/Modules/CMakeFindDependencyMacro.cmake",
		"D:/msys64/ucrt64/lib/cmake/Qt6Gui/Qt6QSvgPluginTargets.cmake",
		"D:/msys64/ucrt64/lib/cmake/Qt6Gui/Qt6QSvgPluginTargets-relwithdebinfo.cmake",
		"D:/msys64/ucrt64/lib/cmake/Qt6Gui/Qt6QSvgPluginAdditionalTargetInfo.cmake",
		"D:/msys64/ucrt64/lib/cmake/Qt6Gui/Qt6QTuioTouchPluginConfig.cmake",
		"C:/Program Files/CMake/share/cmake-3.25/Modules/CMakeFindDependencyMacro.cmake",
		"D:/msys64/ucrt64/lib/cmake/Qt6Gui/Qt6QTuioTouchPluginTargets.cmake",
		"D:/msys64/ucrt64/lib/cmake/Qt6Gui/Qt6QTuioTouchPluginTargets-relwithdebinfo.cmake",
		"D:/msys64/ucrt64/lib/cmake/Qt6Gui/Qt6QTuioTouchPluginAdditionalTargetInfo.cmake",
		"D:/msys64/ucrt64/lib/cmake/Qt6Gui/Qt6QWindowsDirect2DIntegrationPluginConfig.cmake",
		"C:/Program Files/CMake/share/cmake-3.25/Modules/CMakeFindDependencyMacro.cmake",
		"D:/msys64/ucrt64/lib/cmake/Qt6Gui/Qt6QWindowsDirect2DIntegrationPluginTargets.cmake",
		"D:/msys64/ucrt64/lib/cmake/Qt6Gui/Qt6QWindowsDirect2DIntegrationPluginTargets-relwithdebinfo.cmake",
		"D:/msys64/ucrt64/lib/cmake/Qt6Gui/Qt6QWindowsDirect2DIntegrationPluginAdditionalTargetInfo.cmake",
		"D:/msys64/ucrt64/lib/cmake/Qt6Gui/Qt6QWindowsIntegrationPluginConfig.cmake",
		"C:/Program Files/CMake/share/cmake-3.25/Modules/CMakeFindDependencyMacro.cmake",
		"D:/msys64/ucrt64/lib/cmake/Qt6Gui/Qt6QWindowsIntegrationPluginTargets.cmake",
		"D:/msys64/ucrt64/lib/cmake/Qt6Gui/Qt6QWindowsIntegrationPluginTargets-relwithdebinfo.cmake",
		"D:/msys64/ucrt64/lib/cmake/Qt6Gui/Qt6QWindowsIntegrationPluginAdditionalTargetInfo.cmake",
		"D:/msys64/ucrt64/lib/cmake/Qt6Widgets/Qt6WidgetsTargets.cmake",
		"D:/msys64/ucrt64/lib/cmake/Qt6Widgets/Qt6WidgetsTargets-relwithdebinfo.cmake",
		"D:/msys64/ucrt64/lib/cmake/Qt6Widgets/Qt6WidgetsAdditionalTargetInfo.cmake",
		"D:/msys64/ucrt64/lib/cmake/Qt6Widgets/Qt6WidgetsVersionlessTargets.cmake",
		"D:/msys64/ucrt64/lib/cmake/Qt6Widgets/Qt6WidgetsMacros.cmake",
		"D:/msys64/ucrt64/lib/cmake/Qt6Widgets/Qt6WidgetsPlugins.cmake",
		"D:/msys64/ucrt64/lib/cmake/Qt6Widgets/Qt6QWindowsVistaStylePluginConfig.cmake",
		"C:/Program Files/CMake/share/cmake-3.25/Modules/CMakeFindDependencyMacro.cmake",
		"D:/msys64/ucrt64/lib/cmake/Qt6Widgets/Qt6QWindowsVistaStylePluginTargets.cmake",
		"D:/msys64/ucrt64/lib/cmake/Qt6Widgets/Qt6QWindowsVistaStylePluginTargets-relwithdebinfo.cmake",
		"D:/msys64/ucrt64/lib/cmake/Qt6Widgets/Qt6QWindowsVistaStylePluginAdditionalTargetInfo.cmake",
		"D:/msys64/ucrt64/lib/cmake/Qt6/Qt6ConfigVersion.cmake",
		"D:/msys64/ucrt64/lib/cmake/Qt6/Qt6ConfigVersionImpl.cmake",
		"D:/msys64/ucrt64/lib/cmake/Qt6/Qt6Config.cmake",
		"D:/msys64/ucrt64/lib/cmake/Qt6/Qt6ConfigExtras.cmake",
		"D:/msys64/ucrt64/lib/cmake/Qt6/QtPublicCMakeVersionHelpers.cmake",
		"D:/msys64/ucrt64/lib/cmake/Qt6/Qt6Targets.cmake",
		"D:/msys64/ucrt64/lib/cmake/Qt6/Qt6VersionlessTargets.cmake",
		"D:/msys64/ucrt64/lib/cmake/Qt6/QtFeature.cmake",
		"D:/msys64/ucrt64/lib/cmake/Qt6/QtFeatureCommon.cmake",
		"C:/Program Files/CMake/share/cmake-3.25/Modules/CheckCXXCompilerFlag.cmake",
		"D:/msys64/ucrt64/lib/cmake/Qt6/QtPublicAppleHelpers.cmake",
		"D:/msys64/ucrt64/lib/cmake/Qt6/QtPublicFinalizerHelpers.cmake",
		"D:/msys64/ucrt64/lib/cmake/Qt6/QtPublicPluginHelpers.cmake",
		"D:/msys64/ucrt64/lib/cmake/Qt6/QtPublicTargetHelpers.cmake",
		"D:/msys64/ucrt64/lib/cmake/Qt6/QtPublicWalkLibsHelpers.cmake",
		"D:/msys64/ucrt64/lib/cmake/Qt6/QtPublicFindPackageHelpers.cmake",
		"D:/msys64/ucrt64/lib/cmake/Qt6/QtPublicDependencyHelpers.cmake",
		"D:/msys64/ucrt64/lib/cmake/Qt6/QtPublicTestHelpers.cmake",
		"D:/msys64/ucrt64/lib/cmake/Qt6/QtPublicToolHelpers.cmake",
		"D:/msys64/ucrt64/lib/cmake/Qt6/QtPublicCMakeHelpers.cmake",
		"C:/Program Files/CMake/share/cmake-3.25/Modules/CMakeFindDependencyMacro.cmake",
		"D:/msys64/ucrt64/lib/cmake/Qt6/Qt6Dependencies.cmake",
		"C:/Program Files/CMake/share/cmake-3.25/Modules/FindThreads.cmake",
		"C:/Program Files/CMake/share/cmake-3.25/Modules/CheckLibraryExists.cmake",
		"C:/Program Files/CMake/share/cmake-3.25/Modules/CheckIncludeFileCXX.cmake",
		"C:/Program Files/CMake/share/cmake-3.25/Modules/CheckCXXSourceCompiles.cmake",
		"C:/Program Files/CMake/share/cmake-3.25/Modules/FindPackageHandleStandardArgs.cmake",
		"C:/Program Files/CMake/share/cmake-3.25/Modules/FindPackageMessage.cmake",
		"D:/msys64/ucrt64/lib/cmake/Qt6Multimedia/Qt6MultimediaConfigVersion.cmake",
		"D:/msys64/ucrt64/lib/cmake/Qt6Multimedia/Qt6MultimediaConfigVersionImpl.cmake",
		"D:/msys64/ucrt64/lib/cmake/Qt6Multimedia/Qt6MultimediaConfig.cmake",
		"C:/Program Files/CMake/share/cmake-3.25/Modules/CMakeFindDependencyMacro.cmake",
		"D:/msys64/ucrt64/lib/cmake/Qt6Multimedia/Qt6MultimediaDependencies.cmake",
		"D:/msys64/ucrt64/lib/cmake/Qt6Network/Qt6NetworkConfigVersion.cmake",
		"D:/msys64/ucrt64/lib/cmake/Qt6Network/Qt6NetworkConfigVersionImpl.cmake",
		"D:/msys64/ucrt64/lib/cmake/Qt6Network/Qt6NetworkConfig.cmake",
		"C:/Program Files/CMake/share/cmake-3.25/Modules/CMakeFindDependencyMacro.cmake",
		"D:/msys64/ucrt64/lib/cmake/Qt6Network/Qt6NetworkDependencies.cmake",
		"D:/msys64/ucrt64/lib/cmake/Qt6Network/Qt6NetworkTargets.cmake",
		"D:/msys64/ucrt64/lib/cmake/Qt6Network/Qt6NetworkTargets-relwithdebinfo.cmake",
		"D:/msys64/ucrt64/lib/cmake/Qt6Network/Qt6NetworkAdditionalTargetInfo.cmake",
		"D:/msys64/ucrt64/lib/cmake/Qt6Network/Qt6NetworkVersionlessTargets.cmake",
		"D:/msys64/ucrt64/lib/cmake/Qt6Network/Qt6NetworkPlugins.cmake",
		"D:/msys64/ucrt64/lib/cmake/Qt6Network/Qt6QSchannelBackendPluginConfig.cmake",
		"C:/Program Files/CMake/share/cmake-3.25/Modules/CMakeFindDependencyMacro.cmake",
		"D:/msys64/ucrt64/lib/cmake/Qt6Network/Qt6QSchannelBackendPluginTargets.cmake",
		"D:/msys64/ucrt64/lib/cmake/Qt6Network/Qt6QSchannelBackendPluginTargets-relwithdebinfo.cmake",
		"D:/msys64/ucrt64/lib/cmake/Qt6Network/Qt6QSchannelBackendPluginAdditionalTargetInfo.cmake",
		"D:/msys64/ucrt64/lib/cmake/Qt6Network/Qt6QTlsBackendCertOnlyPluginConfig.cmake",
		"C:/Program Files/CMake/share/cmake-3.25/Modules/CMakeFindDependencyMacro.cmake",
		"D:/msys64/ucrt64/lib/cmake/Qt6Network/Qt6QTlsBackendCertOnlyPluginTargets.cmake",
		"D:/msys64/ucrt64/lib/cmake/Qt6Network/Qt6QTlsBackendCertOnlyPluginTargets-relwithdebinfo.cmake",
		"D:/msys64/ucrt64/lib/cmake/Qt6Network/Qt6QTlsBackendCertOnlyPluginAdditionalTargetInfo.cmake",
		"D:/msys64/ucrt64/lib/cmake/Qt6Network/Qt6QTlsBackendOpenSSLPluginConfig.cmake",
		"C:/Program Files/CMake/share/cmake-3.25/Modules/CMakeFindDependencyMacro.cmake",
		"D:/msys64/ucrt64/lib/cmake/Qt6Network/Qt6QTlsBackendOpenSSLPluginTargets.cmake",
		"D:/msys64/ucrt64/lib/cmake/Qt6Network/Qt6QTlsBackendOpenSSLPluginTargets-relwithdebinfo.cmake",
		"D:/msys64/ucrt64/lib/cmake/Qt6Network/Qt6QTlsBackendOpenSSLPluginAdditionalTargetInfo.cmake",
		"D:/msys64/ucrt64/lib/cmake/Qt6Multimedia/Qt6MultimediaTargets.cmake",
		"D:/msys64/ucrt64/lib/cmake/Qt6Multimedia/Qt6MultimediaTargets-relwithdebinfo.cmake",
		"D:/msys64/ucrt64/lib/cmake/Qt6Multimedia/Qt6MultimediaAdditionalTargetInfo.cmake",
		"D:/msys64/ucrt64/lib/cmake/Qt6Multimedia/Qt6MultimediaVersionlessTargets.cmake",
		"D:/msys64/ucrt64/lib/cmake/Qt6Multimedia/Qt6MultimediaPlugins.cmake",
		"D:/msys64/ucrt64/lib/cmake/Qt6Multimedia/Qt6QFFmpegMediaPluginConfig.cmake",
		"C:/Program Files/CMake/share/cmake-3.25/Modules/CMakeFindDependencyMacro.cmake",
		"D:/msys64/ucrt64/lib/cmake/Qt6Multimedia/Qt6QFFmpegMediaPluginTargets.cmake",
		"D:/msys64/ucrt64/lib/cmake/Qt6Multimedia/Qt6QFFmpegMediaPluginTargets-relwithdebinfo.cmake",
		"D:/msys64/ucrt64/lib/cmake/Qt6Multimedia/Qt6QFFmpegMediaPluginAdditionalTargetInfo.cmake",
		"D:/msys64/ucrt64/lib/cmake/Qt6Multimedia/Qt6QWindowsMediaPluginConfig.cmake",
		"C:/Program Files/CMake/share/cmake-3.25/Modules/CMakeFindDependencyMacro.cmake",
		"D:/msys64/ucrt64/lib/cmake/Qt6Multimedia/Qt6QWindowsMediaPluginTargets.cmake",
		"D:/msys64/ucrt64/lib/cmake/Qt6Multimedia/Qt6QWindowsMediaPluginTargets-relwithdebinfo.cmake",
		"D:/msys64/ucrt64/lib/cmake/Qt6Multimedia/Qt6QWindowsMediaPluginAdditionalTargetInfo.cmake",
		"D:/Audio_EQ/Audio_pj/resources.qrc"
	],
	"CMAKE_SOURCE_DIR" : "D:/Audio_EQ/Audio_pj",
	"DEP_FILE" : "D:/Audio_EQ/build-Audio_pj/Audio_pj_autogen/deps",
	"DEP_FILE_RULE_NAME" : "Audio_pj_autogen/timestamp",
	"HEADERS" : 
	[
		[ "D:/Audio_EQ/Audio_pj/eq.h", "MU", "EWIEGA46WW/moc_eq.cpp", null ],
		[
			"D:/Audio_EQ/Audio_pj/include/AudioFile.h",
			"MU",
			"6YEA5652QU/moc_AudioFile.cpp",
			null
		],
		[
			"D:/Audio_EQ/Audio_pj/include/Music.h",
			"MU",
			"6YEA5652QU/moc_Music.cpp",
			null
		],
		[
			"D:/Audio_EQ/Audio_pj/mainwindow.h",
			"MU",
			"EWIEGA46WW/moc_mainwindow.cpp",
			null
		]
	],
	"HEADER_EXTENSIONS" : [ "h", "hh", "h++", "hm", "hpp", "hxx", "in", "txx" ],
	"INCLUDE_DIR" : "D:/Audio_EQ/build-Audio_pj/Audio_pj_autogen/include",
	"MOC_COMPILATION_FILE" : "D:/Audio_EQ/build-Audio_pj/Audio_pj_autogen/mocs_compilation.cpp",
	"MOC_DEFINITIONS" : 
	[
		"MINGW_HAS_SECURE_API=1",
		"QT_CORE_LIB",
		"QT_GUI_LIB",
		"QT_MULTIMEDIA_LIB",
		"QT_NEEDS_QMAIN",
		"QT_NETWORK_LIB",
		"QT_WIDGETS_LIB",
		"UNICODE",
		"WIN32",
		"WIN64",
		"WINVER=0x0A00",
		"_ENABLE_EXTENDED_ALIGNED_STORAGE",
		"_UNICODE",
		"_WIN32_WINNT=0x0A00",
		"_WIN64"
	],
	"MOC_DEPEND_FILTERS" : 
	[
		[
			"Q_PLUGIN_METADATA",
			"[\n][ \t]*Q_PLUGIN_METADATA[ \t]*\\([^\\)]*FILE[ \t]*\"([^\"]+)\""
		]
	],
	"MOC_INCLUDES" : 
	[
		"D:/Audio_EQ/Audio_pj/SDL/x86_64-w64-mingw32/include",
		"D:/Audio_EQ/Audio_pj/include",
		"D:/msys64/ucrt64/include/qt6/QtCore",
		"D:/msys64/ucrt64/include/qt6",
		"D:/msys64/ucrt64/share/qt6/mkspecs/win32-g++",
		"D:/msys64/ucrt64/include/qt6/QtWidgets",
		"D:/msys64/ucrt64/include/qt6/QtGui",
		"D:/msys64/ucrt64/include/qt6/QtMultimedia",
		"D:/msys64/ucrt64/include/qt6/QtNetwork",
		"D:/msys64/ucrt64/include",
		"D:/msys64/ucrt64/include/c++/12.2.0",
		"D:/msys64/ucrt64/include/c++/12.2.0/x86_64-w64-mingw32",
		"D:/msys64/ucrt64/include/c++/12.2.0/backward",
		"D:/msys64/ucrt64/lib/gcc/x86_64-w64-mingw32/12.2.0/include",
		"D:/msys64/ucrt64/lib/gcc/x86_64-w64-mingw32/12.2.0/include-fixed"
	],
	"MOC_MACRO_NAMES" : 
	[
		"Q_OBJECT",
		"Q_GADGET",
		"Q_GADGET_EXPORT",
		"Q_NAMESPACE",
		"Q_NAMESPACE_EXPORT"
	],
	"MOC_OPTIONS" : [],
	"MOC_PATH_PREFIX" : false,
	"MOC_PREDEFS_CMD" : 
	[
		"D:/msys64/ucrt64/bin/g++.exe",
		"-dM",
		"-E",
		"-c",
		"C:/Program Files/CMake/share/cmake-3.25/Modules/CMakeCXXCompilerABI.cpp"
	],
	"MOC_PREDEFS_FILE" : "D:/Audio_EQ/build-Audio_pj/Audio_pj_autogen/moc_predefs.h",
	"MOC_RELAXED_MODE" : false,
	"MOC_SKIP" : [],
	"MULTI_CONFIG" : false,
	"PARALLEL" : 8,
	"PARSE_CACHE_FILE" : "D:/Audio_EQ/build-Audio_pj/CMakeFiles/Audio_pj_autogen.dir/ParseCache.txt",
	"QT_MOC_EXECUTABLE" : "D:/msys64/ucrt64/share/qt6/bin/moc.exe",
	"QT_UIC_EXECUTABLE" : "D:/msys64/ucrt64/share/qt6/bin/uic.exe",
	"QT_VERSION_MAJOR" : 6,
	"QT_VERSION_MINOR" : 4,
	"SETTINGS_FILE" : "D:/Audio_EQ/build-Audio_pj/CMakeFiles/Audio_pj_autogen.dir/AutogenUsed.txt",
	"SOURCES" : 
	[
		[ "D:/Audio_EQ/Audio_pj/eq.cpp", "MU", null ],
		[ "D:/Audio_EQ/Audio_pj/include/AudioFile.cpp", "MU", null ],
		[ "D:/Audio_EQ/Audio_pj/include/Music.cpp", "MU", null ],
		[ "D:/Audio_EQ/Audio_pj/main.cpp", "MU", null ],
		[ "D:/Audio_EQ/Audio_pj/mainwindow.cpp", "MU", null ]
	],
	"UIC_OPTIONS" : [],
	"UIC_SEARCH_PATHS" : [],
	"UIC_SKIP" : [],
	"UIC_UI_FILES" : [],
	"VERBOSITY" : 0
}
