{
	"BUILD_DIR" : "D:/Audio_EQ/build-Audio_pj/Audio_pj_autogen",
	"CMAKE_BINARY_DIR" : "D:/Audio_EQ/build-Audio_pj",
	"CMAKE_CURRENT_BINARY_DIR" : "D:/Audio_EQ/build-Audio_pj",
	"CMAKE_CURRENT_SOURCE_DIR" : "D:/Audio_EQ/Audio_pj",
	"CMAKE_SOURCE_DIR" : "D:/Audio_EQ/Audio_pj",
	"INCLUDE_DIR" : "D:/Audio_EQ/build-Audio_pj/Audio_pj_autogen/include",
	"INPUTS" : 
	[
		"D:/Audio_EQ/Audio_pj/button-icon-shuffle2.png",
		"D:/Audio_EQ/Audio_pj/button-icon-file-import2.png",
		"D:/Audio_EQ/Audio_pj/button-list.png",
		"D:/Audio_EQ/Audio_pj/button-forward-solid2.png",
		"D:/Audio_EQ/Audio_pj/button-forward-solid.png",
		"D:/Audio_EQ/Audio_pj/button-backward-solid.png",
		"D:/Audio_EQ/Audio_pj/button-pause2.png",
		"D:/Audio_EQ/Audio_pj/gear-solid.png",
		"D:/Audio_EQ/Audio_pj/Dis_pic2.png",
		"D:/Audio_EQ/Audio_pj/Dis_pic.png",
		"D:/Audio_EQ/Audio_pj/voulume-off-solid.png",
		"D:/Audio_EQ/Audio_pj/button-icon-Vector.png",
		"D:/Audio_EQ/Audio_pj/gear-solid2.png",
		"D:/Audio_EQ/Audio_pj/button-icon-file-import.png",
		"D:/Audio_EQ/Audio_pj/button-play-solid.png",
		"D:/Audio_EQ/Audio_pj/button-play-solid2.png",
		"D:/Audio_EQ/Audio_pj/voulume-off-solid2.png",
		"D:/Audio_EQ/Audio_pj/button-backward-solid2.png",
		"D:/Audio_EQ/Audio_pj/button-pause.png",
		"D:/Audio_EQ/Audio_pj/volume-high-solid.png",
		"D:/Audio_EQ/Audio_pj/button-icon-Vector2.png",
		"D:/Audio_EQ/Audio_pj/button-list2.png",
		"D:/Audio_EQ/Audio_pj/button-icon-shuffle.png",
		"D:/Audio_EQ/Audio_pj/volume-high-solid2.png"
	],
	"LOCK_FILE" : "D:/Audio_EQ/build-Audio_pj/CMakeFiles/Audio_pj_autogen.dir/AutoRcc_resources_EWIEGA46WW_Lock.lock",
	"MULTI_CONFIG" : false,
	"OPTIONS" : [ "-name", "resources" ],
	"OUTPUT_CHECKSUM" : "EWIEGA46WW",
	"OUTPUT_NAME" : "qrc_resources.cpp",
	"RCC_EXECUTABLE" : "D:/msys64/ucrt64/share/qt6/bin/rcc.exe",
	"RCC_LIST_OPTIONS" : [ "--list" ],
	"SETTINGS_FILE" : "D:/Audio_EQ/build-Audio_pj/CMakeFiles/Audio_pj_autogen.dir/AutoRcc_resources_EWIEGA46WW_Used.txt",
	"SOURCE" : "D:/Audio_EQ/Audio_pj/resources.qrc",
	"VERBOSITY" : 0
}
